pub_id,sta,A
smi:local/e8a0754b-b3c1-4bd9-9b12-709ca0f1fe92,GLVR,3.606462850771352e-08
smi:local/e8a0754b-b3c1-4bd9-9b12-709ca0f1fe92,GUZR,2.0397589939950383e-08
smi:local/e8a0754b-b3c1-4bd9-9b12-709ca0f1fe92,KRNR,1.62583069445707e-09
smi:local/e8a0754b-b3c1-4bd9-9b12-709ca0f1fe92,SGKR,1.7097322145876237e-08
smi:local/e8a0754b-b3c1-4bd9-9b12-709ca0f1fe92,TMNR,2.1478479265028833e-07
smi:local/7743b519-12d4-40c8-908f-24f429c01e22,DBC,7.602049196608429e-09
smi:local/7743b519-12d4-40c8-908f-24f429c01e22,GUZR,3.0578190581534728e-09
smi:local/7743b519-12d4-40c8-908f-24f429c01e22,LSNR,7.43104251642836e-09
smi:local/7743b519-12d4-40c8-908f-24f429c01e22,NVPR,4.040101339850355e-08
smi:local/7743b519-12d4-40c8-908f-24f429c01e22,SGKR,1.3709402422023895e-08
smi:local/61b3d068-e589-484b-9257-3c9c90548925,GLVR,3.2993654577886005e-08
smi:local/61b3d068-e589-484b-9257-3c9c90548925,NVPR,2.7742375111359023e-08
smi:local/61b3d068-e589-484b-9257-3c9c90548925,SRGR,5.490106125661654e-08
smi:local/ac3456c3-cd79-4e06-a164-b4de15f6cbdc,GUZR,1.4910708921430433e-09
smi:local/ac3456c3-cd79-4e06-a164-b4de15f6cbdc,LSNR,2.7642786573297143e-09
smi:local/fd6d8eaa-8cf0-4188-83d5-957f530e3a15,ARNR,1.1623159666730125e-08
smi:local/fd6d8eaa-8cf0-4188-83d5-957f530e3a15,GLVR,1.7903490778611177e-08
smi:local/fd6d8eaa-8cf0-4188-83d5-957f530e3a15,GUZR,4.5886930647375175e-09
smi:local/fd6d8eaa-8cf0-4188-83d5-957f530e3a15,TMNR,1.418338073778293e-07
smi:local/7795188a-d16e-42d7-91fa-21f72947803e,DBC,3.6437256616681308e-09
smi:local/7795188a-d16e-42d7-91fa-21f72947803e,GUZR,2.9127239322442115e-09
smi:local/6c6cdcd4-027b-4336-8e94-5f024c0b0077,GUZR,1.9717305341297036e-09
smi:local/7795188a-d16e-42d7-91fa-21f72947803e,KRNR,3.2775279057132014e-09
smi:local/7795188a-d16e-42d7-91fa-21f72947803e,LSNR,1.797757342830125e-09
smi:local/6c6cdcd4-027b-4336-8e94-5f024c0b0077,LSNR,2.1469213440785505e-09
smi:local/7795188a-d16e-42d7-91fa-21f72947803e,SRGR,1.384756070527246e-08
smi:local/6c6cdcd4-027b-4336-8e94-5f024c0b0077,GLVR,1.209592736639406e-08
smi:local/6c6cdcd4-027b-4336-8e94-5f024c0b0077,NVPR,7.284165462251002e-08
smi:local/c6817360-b4fe-4ccb-951c-1e69b1bb78f6,GLVR,1.685757452030481e-08
smi:local/c6817360-b4fe-4ccb-951c-1e69b1bb78f6,LSNR,4.941436512970233e-09
smi:local/ee0b1ec5-e7a6-4a95-889f-1c484ee8c64c,NVPR,2.3711272736029774e-16
smi:local/f066f4c5-dbc9-4462-a4de-fa4090697d68,GLVR,7.794656118146543e-08
smi:local/5577265d-fbc3-4caa-9c02-3e04e7878e2a,GLVR,6.513479825763236e-09
smi:local/5577265d-fbc3-4caa-9c02-3e04e7878e2a,GUZR,2.6701800881685984e-08
smi:local/5577265d-fbc3-4caa-9c02-3e04e7878e2a,SRGR,5.855226359823918e-08
smi:local/4b76e1b3-ad81-4420-97da-f4111554c88b,GUZR,2.7693485232866772e-08
smi:local/4b76e1b3-ad81-4420-97da-f4111554c88b,NVPR,1.9926090874333521e-07
smi:local/dc1012fc-39cc-45bf-91c9-b27a3b777cb7,KRNR,2.2401469942876584e-09
smi:local/dc1012fc-39cc-45bf-91c9-b27a3b777cb7,NVPR,2.2768720533080914e-08
smi:local/9f9b7f0f-cb7b-44eb-8d3a-ecbff8461765,DBC,3.514136796250155e-09
smi:local/9f9b7f0f-cb7b-44eb-8d3a-ecbff8461765,DRN,4.9833523680587034e-08
smi:local/9f9b7f0f-cb7b-44eb-8d3a-ecbff8461765,GUZR,9.121362816416434e-09
smi:local/8138ad65-a187-4247-acec-386a15f6d2d8,DBC,6.16779279529902e-09
smi:local/8138ad65-a187-4247-acec-386a15f6d2d8,GLVR,8.07238752350856e-08
smi:local/8138ad65-a187-4247-acec-386a15f6d2d8,GUZR,1.1646244575755769e-08
smi:local/8138ad65-a187-4247-acec-386a15f6d2d8,KRNR,1.2496683558978137e-09
smi:local/8138ad65-a187-4247-acec-386a15f6d2d8,NVPR,4.444864897375905e-08
smi:local/8138ad65-a187-4247-acec-386a15f6d2d8,SRGR,4.584401053463366e-08
smi:local/a2b84b3c-280c-4003-b867-dfdb4297b161,DBC,3.514420436923464e-17
smi:local/a2b84b3c-280c-4003-b867-dfdb4297b161,GLVR,2.52351769484297e-08
smi:local/a2b84b3c-280c-4003-b867-dfdb4297b161,GUZR,6.719252081866858e-08
smi:local/a2b84b3c-280c-4003-b867-dfdb4297b161,KRNR,1.6671048505874608e-09
smi:local/a2b84b3c-280c-4003-b867-dfdb4297b161,TMNR,2.511635538495948e-07
smi:local/b59f6ef8-5b2a-4b5f-b993-145708c38249,GUZR,3.895102299466775e-08
smi:local/eef25bb6-e93b-48ef-ad3b-b3286bd1e1c1,GUZR,3.821379393115515e-09
smi:local/b59f6ef8-5b2a-4b5f-b993-145708c38249,KRNR,3.5710550192886524e-09
smi:local/eef25bb6-e93b-48ef-ad3b-b3286bd1e1c1,KRNR,1.3308384822157325e-09
smi:local/b59f6ef8-5b2a-4b5f-b993-145708c38249,LSNR,1.8173497794460686e-08
smi:local/eef25bb6-e93b-48ef-ad3b-b3286bd1e1c1,LSNR,4.851543109538236e-09
smi:local/b59f6ef8-5b2a-4b5f-b993-145708c38249,NVPR,2.111181322559228e-07
smi:local/25250bbd-d4b1-425d-8b59-2fea9714ec42,DRN,7.227482477406197e-08
smi:local/25250bbd-d4b1-425d-8b59-2fea9714ec42,GUZR,5.5497981685669514e-08
smi:local/6c4df86b-e350-4b2a-9272-f545e0dd516b,GUZR,1.0945801374373988e-08
smi:local/25250bbd-d4b1-425d-8b59-2fea9714ec42,KRNR,3.44651016675402e-09
smi:local/25250bbd-d4b1-425d-8b59-2fea9714ec42,LSNR,1.0029223608604811e-07
smi:local/6c4df86b-e350-4b2a-9272-f545e0dd516b,LSNR,6.074929469062721e-09
smi:local/25250bbd-d4b1-425d-8b59-2fea9714ec42,TMNR,3.9210330765437017e-07
smi:local/4ef6c0c6-8b69-487b-9d3e-0e9cde4c7c4e,ARNR,1.2616290259156124e-08
smi:local/6c4df86b-e350-4b2a-9272-f545e0dd516b,DBC,1.1713375537986906e-08
smi:local/6c4df86b-e350-4b2a-9272-f545e0dd516b,GLVR,6.64264815814489e-08
smi:local/6c4df86b-e350-4b2a-9272-f545e0dd516b,SGKR,9.084783641598832e-09
smi:local/9164aaf6-da7a-4551-bc78-62cbf7b3ddf4,KRNR,2.8105962581874774e-09
smi:local/9164aaf6-da7a-4551-bc78-62cbf7b3ddf4,NVPR,6.497482281721164e-08
smi:local/9164aaf6-da7a-4551-bc78-62cbf7b3ddf4,SGKR,3.791604710566322e-08
smi:local/23aed4d1-c1b1-4216-be6a-ab0a180229dc,GUZR,1.5248077586219322e-09
smi:local/23aed4d1-c1b1-4216-be6a-ab0a180229dc,LSNR,3.3850615388602805e-09
smi:local/9f017e5b-2a0c-4d33-8db7-ca3342e7d03a,GLVR,1.3540086264602728e-08
smi:local/9f017e5b-2a0c-4d33-8db7-ca3342e7d03a,SGKR,3.505932372355318e-09
smi:local/9f017e5b-2a0c-4d33-8db7-ca3342e7d03a,SRGR,1.9698604634441934e-08
smi:local/0b8179d2-67a8-4f31-91f9-67f0b12aa991,DRN,1.0561270448761955e-07
smi:local/0b8179d2-67a8-4f31-91f9-67f0b12aa991,GUZR,4.048695753256428e-08
smi:local/0b8179d2-67a8-4f31-91f9-67f0b12aa991,NVPR,2.3353070290468942e-08
smi:local/0b8179d2-67a8-4f31-91f9-67f0b12aa991,SRGR,2.89609824276811e-08
smi:local/0b8179d2-67a8-4f31-91f9-67f0b12aa991,ZEI,1.3107920730870407e-08
smi:local/4c6d0fa1-9165-4fa6-a2a9-d1e15d303a58,SGKR,1.6536161250256293e-08
smi:local/e04e7fb6-5f91-4ece-b113-86436b2fae79,GUZR,6.776447132476941e-09
smi:local/e04e7fb6-5f91-4ece-b113-86436b2fae79,KRNR,2.2599655151977805e-09
smi:local/e04e7fb6-5f91-4ece-b113-86436b2fae79,LSNR,2.485509717717012e-09
smi:local/e04e7fb6-5f91-4ece-b113-86436b2fae79,NVPR,8.183014773747583e-09
smi:local/e04e7fb6-5f91-4ece-b113-86436b2fae79,SGKR,9.234099616493836e-09
smi:local/e8a0754b-b3c1-4bd9-9b12-709ca0f1fe92,ERBR,2.4359820472034372e-08
smi:local/e8a0754b-b3c1-4bd9-9b12-709ca0f1fe92,MRNR,4.666119954732935e-09
smi:local/e8a0754b-b3c1-4bd9-9b12-709ca0f1fe92,PYA1,1.5084753103493854e-08
smi:local/7743b519-12d4-40c8-908f-24f429c01e22,DLMR,6.493634576146359e-08
smi:local/7743b519-12d4-40c8-908f-24f429c01e22,ERBR,3.666906140409255e-08
smi:local/7743b519-12d4-40c8-908f-24f429c01e22,KMKR,3.2797931021717756e-09
smi:local/7743b519-12d4-40c8-908f-24f429c01e22,PYA1,8.278730833013382e-09
smi:local/7743b519-12d4-40c8-908f-24f429c01e22,SOC,1.4708778692125184e-08
smi:local/61b3d068-e589-484b-9257-3c9c90548925,ANN,2.3391655173337853e-09
smi:local/61b3d068-e589-484b-9257-3c9c90548925,BTLR,5.195626171128216e-09
smi:local/ac3456c3-cd79-4e06-a164-b4de15f6cbdc,BTLR,2.008903059527216e-09
smi:local/61b3d068-e589-484b-9257-3c9c90548925,LABN,7.977174680730165e-08
smi:local/61b3d068-e589-484b-9257-3c9c90548925,PYA1,7.948839373353507e-09
smi:local/ac3456c3-cd79-4e06-a164-b4de15f6cbdc,ERBR,2.715529124606168e-08
smi:local/ac3456c3-cd79-4e06-a164-b4de15f6cbdc,GOYR,5.952597733404348e-09
smi:local/ac3456c3-cd79-4e06-a164-b4de15f6cbdc,MRNR,4.874870756035034e-09
smi:local/fd6d8eaa-8cf0-4188-83d5-957f530e3a15,GOYR,3.892081795547001e-09
smi:local/fd6d8eaa-8cf0-4188-83d5-957f530e3a15,KMKR,3.996861829093029e-09
smi:local/fd6d8eaa-8cf0-4188-83d5-957f530e3a15,SOC,2.6662477433587587e-08
smi:local/7795188a-d16e-42d7-91fa-21f72947803e,BTLR,2.159856037050425e-09
smi:local/7795188a-d16e-42d7-91fa-21f72947803e,DLMR,1.5185034630887385e-08
smi:local/7795188a-d16e-42d7-91fa-21f72947803e,MRNR,2.3918956757308714e-09
smi:local/6c6cdcd4-027b-4336-8e94-5f024c0b0077,MRNR,1.4621285973873055e-08
smi:local/6c6cdcd4-027b-4336-8e94-5f024c0b0077,ERBR,2.4032136088905802e-08
smi:local/6c6cdcd4-027b-4336-8e94-5f024c0b0077,GOYR,1.2998874835520129e-08
smi:local/6c6cdcd4-027b-4336-8e94-5f024c0b0077,PYA1,2.565610639192383e-09
smi:local/6c6cdcd4-027b-4336-8e94-5f024c0b0077,SUKR,4.359213132065105e-09
smi:local/6c6cdcd4-027b-4336-8e94-5f024c0b0077,VLKR,6.861623587642756e-09
smi:local/c6817360-b4fe-4ccb-951c-1e69b1bb78f6,ANN,2.9218582841388593e-09
smi:local/c6817360-b4fe-4ccb-951c-1e69b1bb78f6,MRNR,1.6149170204629223e-08
smi:local/c6817360-b4fe-4ccb-951c-1e69b1bb78f6,SUKR,6.298283068153012e-08
smi:local/c6817360-b4fe-4ccb-951c-1e69b1bb78f6,VLKR,8.45505740509319e-09
smi:local/ee0b1ec5-e7a6-4a95-889f-1c484ee8c64c,ANN,6.164374949071091e-09
smi:local/f066f4c5-dbc9-4462-a4de-fa4090697d68,ANN,2.9157212825676226e-09
smi:local/ee0b1ec5-e7a6-4a95-889f-1c484ee8c64c,ERBR,4.8126533518225456e-08
smi:local/ee0b1ec5-e7a6-4a95-889f-1c484ee8c64c,GOYR,7.07097926576371e-09
smi:local/ee0b1ec5-e7a6-4a95-889f-1c484ee8c64c,SUKR,1.6238428821887732e-08
smi:local/f066f4c5-dbc9-4462-a4de-fa4090697d68,SUKR,6.954174985952919e-08
smi:local/f066f4c5-dbc9-4462-a4de-fa4090697d68,MRNR,1.5645856532763687e-08
smi:local/f066f4c5-dbc9-4462-a4de-fa4090697d68,PYA1,2.617000269915836e-09
smi:local/5577265d-fbc3-4caa-9c02-3e04e7878e2a,ANN,2.7191880131914295e-09
smi:local/5577265d-fbc3-4caa-9c02-3e04e7878e2a,ERBR,4.6194405096658235e-08
smi:local/5577265d-fbc3-4caa-9c02-3e04e7878e2a,GOYR,4.824578945335102e-07
smi:local/5577265d-fbc3-4caa-9c02-3e04e7878e2a,MRNR,2.947175994238873e-07
smi:local/5577265d-fbc3-4caa-9c02-3e04e7878e2a,SOC,7.506501237293321e-08
smi:local/5577265d-fbc3-4caa-9c02-3e04e7878e2a,SUKR,2.466203456204041e-08
smi:local/4b76e1b3-ad81-4420-97da-f4111554c88b,ANN,1.2827912338782377e-09
smi:local/4b76e1b3-ad81-4420-97da-f4111554c88b,DLMR,8.115509301829113e-08
smi:local/4b76e1b3-ad81-4420-97da-f4111554c88b,ERBR,3.1859191931743904e-08
smi:local/4b76e1b3-ad81-4420-97da-f4111554c88b,GOYR,8.588465642433714e-09
smi:local/4b76e1b3-ad81-4420-97da-f4111554c88b,KMKR,3.1259135454817074e-09
smi:local/dc1012fc-39cc-45bf-91c9-b27a3b777cb7,BTLR,5.695745149990394e-09
smi:local/dc1012fc-39cc-45bf-91c9-b27a3b777cb7,PYA1,9.452357818667469e-09
smi:local/dc1012fc-39cc-45bf-91c9-b27a3b777cb7,SOC,2.8133495238111516e-08
smi:local/9f9b7f0f-cb7b-44eb-8d3a-ecbff8461765,DLMR,5.806636999514902e-08
smi:local/9f9b7f0f-cb7b-44eb-8d3a-ecbff8461765,ERBR,1.3812738910016438e-08
smi:local/9f9b7f0f-cb7b-44eb-8d3a-ecbff8461765,MRNR,1.2583516749148438e-08
smi:local/9f9b7f0f-cb7b-44eb-8d3a-ecbff8461765,SOC,2.655940636609921e-08
smi:local/8138ad65-a187-4247-acec-386a15f6d2d8,BTLR,9.6017875790697e-09
smi:local/8138ad65-a187-4247-acec-386a15f6d2d8,MRNR,2.8822035782127974e-09
smi:local/8138ad65-a187-4247-acec-386a15f6d2d8,SOC,3.1799274581126714e-08
smi:local/a2b84b3c-280c-4003-b867-dfdb4297b161,BTLR,3.696816504454812e-09
smi:local/a2b84b3c-280c-4003-b867-dfdb4297b161,DLMR,6.299880800204062e-08
smi:local/a2b84b3c-280c-4003-b867-dfdb4297b161,GOYR,1.038927568514766e-08
smi:local/a2b84b3c-280c-4003-b867-dfdb4297b161,PYA1,5.283890886012088e-08
smi:local/b59f6ef8-5b2a-4b5f-b993-145708c38249,ANN,8.740918639858182e-10
smi:local/b59f6ef8-5b2a-4b5f-b993-145708c38249,BTLR,1.5043774322981643e-08
smi:local/eef25bb6-e93b-48ef-ad3b-b3286bd1e1c1,BTLR,1.996412569850581e-09
smi:local/b59f6ef8-5b2a-4b5f-b993-145708c38249,ERBR,2.4319730609402587e-08
smi:local/b59f6ef8-5b2a-4b5f-b993-145708c38249,GOYR,7.895427294565729e-09
smi:local/b59f6ef8-5b2a-4b5f-b993-145708c38249,KMKR,3.0943361427280967e-09
smi:local/b59f6ef8-5b2a-4b5f-b993-145708c38249,PYA1,4.011676455296249e-08
smi:local/eef25bb6-e93b-48ef-ad3b-b3286bd1e1c1,PYA1,8.380010053721779e-09
smi:local/eef25bb6-e93b-48ef-ad3b-b3286bd1e1c1,SOC,8.03848142936236e-09
smi:local/25250bbd-d4b1-425d-8b59-2fea9714ec42,ANN,2.043799970400015e-09
smi:local/4ef6c0c6-8b69-487b-9d3e-0e9cde4c7c4e,ANN,2.2582532590738056e-09
smi:local/25250bbd-d4b1-425d-8b59-2fea9714ec42,BTLR,1.0435169976950961e-08
smi:local/4ef6c0c6-8b69-487b-9d3e-0e9cde4c7c4e,BTLR,1.1780186634564958e-08
smi:local/25250bbd-d4b1-425d-8b59-2fea9714ec42,DLMR,4.790704637013807e-16
smi:local/25250bbd-d4b1-425d-8b59-2fea9714ec42,GOYR,9.312645486668466e-09
smi:local/4ef6c0c6-8b69-487b-9d3e-0e9cde4c7c4e,GOYR,9.502570464185663e-09
smi:local/25250bbd-d4b1-425d-8b59-2fea9714ec42,KMKR,2.0460894699423354e-09
smi:local/25250bbd-d4b1-425d-8b59-2fea9714ec42,PYA1,1.3698047131765987e-07
smi:local/4ef6c0c6-8b69-487b-9d3e-0e9cde4c7c4e,SUKR,1.375499309659124e-07
smi:local/6c4df86b-e350-4b2a-9272-f545e0dd516b,SUKR,1.1986871870759613e-08
smi:local/6c4df86b-e350-4b2a-9272-f545e0dd516b,ERBR,2.2857402709004233e-08
smi:local/6c4df86b-e350-4b2a-9272-f545e0dd516b,MRNR,4.994981538693034e-09
smi:local/9164aaf6-da7a-4551-bc78-62cbf7b3ddf4,ERBR,9.682807899299102e-08
smi:local/9164aaf6-da7a-4551-bc78-62cbf7b3ddf4,SOC,2.4476626111839184e-08
smi:local/9164aaf6-da7a-4551-bc78-62cbf7b3ddf4,SUKR,5.824520642623657e-08
smi:local/9164aaf6-da7a-4551-bc78-62cbf7b3ddf4,VLKR,1.0760414926178427e-08
smi:local/23aed4d1-c1b1-4216-be6a-ab0a180229dc,DLMR,8.792158882472406e-08
smi:local/23aed4d1-c1b1-4216-be6a-ab0a180229dc,ERBR,3.5746398441751064e-08
smi:local/23aed4d1-c1b1-4216-be6a-ab0a180229dc,PYA1,8.294104554047902e-09
smi:local/9f017e5b-2a0c-4d33-8db7-ca3342e7d03a,DLMR,2.083917131578728e-08
smi:local/9f017e5b-2a0c-4d33-8db7-ca3342e7d03a,PYA1,4.697846641158331e-09
smi:local/0b8179d2-67a8-4f31-91f9-67f0b12aa991,BTLR,2.0285115904655037e-08
smi:local/0b8179d2-67a8-4f31-91f9-67f0b12aa991,GOYR,1.2230223260458352e-08
smi:local/0b8179d2-67a8-4f31-91f9-67f0b12aa991,MRNR,1.2490650405605064e-08
smi:local/0b8179d2-67a8-4f31-91f9-67f0b12aa991,PYA1,4.299927283861397e-08
smi:local/0b8179d2-67a8-4f31-91f9-67f0b12aa991,SUKR,4.177185678633422e-09
smi:local/e04e7fb6-5f91-4ece-b113-86436b2fae79,DLMR,4.31014198769169e-08
smi:local/e04e7fb6-5f91-4ece-b113-86436b2fae79,GOYR,5.479793077837355e-09
smi:local/e04e7fb6-5f91-4ece-b113-86436b2fae79,KMKR,3.242566174424431e-09
smi:local/e04e7fb6-5f91-4ece-b113-86436b2fae79,PYA1,1.1725478172956191e-08
smi:local/e8a0754b-b3c1-4bd9-9b12-709ca0f1fe92,KSMR,2.055948299030513e-08
smi:local/e8a0754b-b3c1-4bd9-9b12-709ca0f1fe92,SHA1,7.423712221492088e-08
smi:local/e8a0754b-b3c1-4bd9-9b12-709ca0f1fe92,STDR,2.0768258908158657e-08
smi:local/7743b519-12d4-40c8-908f-24f429c01e22,BEYR,8.819157217097428e-09
smi:local/7743b519-12d4-40c8-908f-24f429c01e22,GOFR,7.925008868846769e-08
smi:local/7743b519-12d4-40c8-908f-24f429c01e22,SHA1,7.464727610326475e-09
smi:local/7743b519-12d4-40c8-908f-24f429c01e22,STDR,6.80696469280147e-09
smi:local/61b3d068-e589-484b-9257-3c9c90548925,DIGR,2.2169452208909556e-08
smi:local/61b3d068-e589-484b-9257-3c9c90548925,SHA1,8.2747668972806e-09
smi:local/ac3456c3-cd79-4e06-a164-b4de15f6cbdc,SHA1,3.05450443970006e-09
smi:local/ac3456c3-cd79-4e06-a164-b4de15f6cbdc,GOFR,4.763253638432815e-08
smi:local/fd6d8eaa-8cf0-4188-83d5-957f530e3a15,BEYR,2.27482436798016e-08
smi:local/fd6d8eaa-8cf0-4188-83d5-957f530e3a15,GOFR,7.839675403020875e-08
smi:local/fd6d8eaa-8cf0-4188-83d5-957f530e3a15,SHA1,3.986447633586973e-08
smi:local/fd6d8eaa-8cf0-4188-83d5-957f530e3a15,URKR,6.62096076651655e-09
smi:local/7795188a-d16e-42d7-91fa-21f72947803e,AKT,2.8232560538099124e-09
smi:local/7795188a-d16e-42d7-91fa-21f72947803e,GOFR,4.442498924157851e-08
smi:local/7795188a-d16e-42d7-91fa-21f72947803e,MAK,1.0899727741962321e-07
smi:local/7795188a-d16e-42d7-91fa-21f72947803e,SHA1,5.6338321184378505e-09
smi:local/6c6cdcd4-027b-4336-8e94-5f024c0b0077,SHA1,2.1205285459585294e-09
smi:local/c6817360-b4fe-4ccb-951c-1e69b1bb78f6,GOFR,5.079954743983445e-08
smi:local/5577265d-fbc3-4caa-9c02-3e04e7878e2a,GOFR,2.3729852082667544e-08
smi:local/5577265d-fbc3-4caa-9c02-3e04e7878e2a,STDR,1.6388088485204734e-09
smi:local/4b76e1b3-ad81-4420-97da-f4111554c88b,BEYR,3.0364601210377576e-08
smi:local/4b76e1b3-ad81-4420-97da-f4111554c88b,DVE,3.4785337138901834e-09
smi:local/4b76e1b3-ad81-4420-97da-f4111554c88b,SHA1,3.739701386853567e-08
smi:local/dc1012fc-39cc-45bf-91c9-b27a3b777cb7,AKT,9.708748602015396e-09
smi:local/dc1012fc-39cc-45bf-91c9-b27a3b777cb7,BEYR,5.533318450690006e-09
smi:local/dc1012fc-39cc-45bf-91c9-b27a3b777cb7,MAK,1.867930043787316e-07
smi:local/dc1012fc-39cc-45bf-91c9-b27a3b777cb7,SHA1,4.1098943274053336e-09
smi:local/9f9b7f0f-cb7b-44eb-8d3a-ecbff8461765,BEYR,5.251180182188989e-08
smi:local/9f9b7f0f-cb7b-44eb-8d3a-ecbff8461765,DIGR,2.0140255317089602e-08
smi:local/9f9b7f0f-cb7b-44eb-8d3a-ecbff8461765,DVE,4.472855742085707e-08
smi:local/9f9b7f0f-cb7b-44eb-8d3a-ecbff8461765,KSMR,3.1089985764151846e-08
smi:local/9f9b7f0f-cb7b-44eb-8d3a-ecbff8461765,SHA1,4.712664387256377e-08
smi:local/9f9b7f0f-cb7b-44eb-8d3a-ecbff8461765,STDR,3.841894604314297e-09
smi:local/9f9b7f0f-cb7b-44eb-8d3a-ecbff8461765,URKR,5.122574048076151e-09
smi:local/8138ad65-a187-4247-acec-386a15f6d2d8,BEYR,1.49297504661701e-08
smi:local/8138ad65-a187-4247-acec-386a15f6d2d8,GOFR,9.332060327011085e-08
smi:local/8138ad65-a187-4247-acec-386a15f6d2d8,SHA1,2.3745553463887255e-08
smi:local/a2b84b3c-280c-4003-b867-dfdb4297b161,BEYR,1.7859819139325778e-07
smi:local/a2b84b3c-280c-4003-b867-dfdb4297b161,GOFR,1.3363168585712093e-07
smi:local/a2b84b3c-280c-4003-b867-dfdb4297b161,SHA1,1.629067813477806e-07
smi:local/a2b84b3c-280c-4003-b867-dfdb4297b161,STDR,3.6829547214042914e-08
smi:local/b59f6ef8-5b2a-4b5f-b993-145708c38249,BEYR,8.450081744020913e-08
smi:local/eef25bb6-e93b-48ef-ad3b-b3286bd1e1c1,BEYR,2.6487813436515887e-08
smi:local/b59f6ef8-5b2a-4b5f-b993-145708c38249,SHA1,8.877309243716473e-08
smi:local/eef25bb6-e93b-48ef-ad3b-b3286bd1e1c1,SHA1,4.386732407892828e-08
smi:local/b59f6ef8-5b2a-4b5f-b993-145708c38249,URKR,4.611172066119778e-09
smi:local/eef25bb6-e93b-48ef-ad3b-b3286bd1e1c1,GOFR,3.857639840915068e-08
smi:local/25250bbd-d4b1-425d-8b59-2fea9714ec42,BEYR,4.835162646025377e-07
smi:local/6c4df86b-e350-4b2a-9272-f545e0dd516b,BEYR,1.1096040748023862e-08
smi:local/25250bbd-d4b1-425d-8b59-2fea9714ec42,DIGR,2.1720699582829587e-07
smi:local/25250bbd-d4b1-425d-8b59-2fea9714ec42,DVE,6.22250466116626e-09
smi:local/6c4df86b-e350-4b2a-9272-f545e0dd516b,DVE,7.2980461957539645e-09
smi:local/25250bbd-d4b1-425d-8b59-2fea9714ec42,GOFR,2.3804892833676581e-07
smi:local/6c4df86b-e350-4b2a-9272-f545e0dd516b,GOFR,3.056969669440801e-07
smi:local/25250bbd-d4b1-425d-8b59-2fea9714ec42,PXTR,8.865762152082222e-08
smi:local/4ef6c0c6-8b69-487b-9d3e-0e9cde4c7c4e,SHA1,1.8479624343757677e-08
smi:local/6c4df86b-e350-4b2a-9272-f545e0dd516b,SHA1,9.697347412047956e-09
smi:local/9164aaf6-da7a-4551-bc78-62cbf7b3ddf4,BEYR,6.341733986095038e-09
smi:local/9164aaf6-da7a-4551-bc78-62cbf7b3ddf4,HNZR,3.6721978874188856e-09
smi:local/23aed4d1-c1b1-4216-be6a-ab0a180229dc,BEYR,4.142669806547755e-09
smi:local/23aed4d1-c1b1-4216-be6a-ab0a180229dc,KSMR,1.5121746443327985e-08
smi:local/23aed4d1-c1b1-4216-be6a-ab0a180229dc,SHA1,4.57276874466856e-09
smi:local/9f017e5b-2a0c-4d33-8db7-ca3342e7d03a,BEYR,8.230171336169481e-09
smi:local/9f017e5b-2a0c-4d33-8db7-ca3342e7d03a,SHA1,1.2717490587695457e-08
smi:local/0b8179d2-67a8-4f31-91f9-67f0b12aa991,BEYR,1.2946155786020582e-07
smi:local/4c6d0fa1-9165-4fa6-a2a9-d1e15d303a58,BEYR,1.1616172273900547e-08
smi:local/0b8179d2-67a8-4f31-91f9-67f0b12aa991,DVE,6.712840703788728e-09
smi:local/0b8179d2-67a8-4f31-91f9-67f0b12aa991,GOFR,1.5948252054282157e-07
smi:local/0b8179d2-67a8-4f31-91f9-67f0b12aa991,SHA1,9.028231529987872e-08
smi:local/4c6d0fa1-9165-4fa6-a2a9-d1e15d303a58,KSMR,1.0351307587845638e-08
smi:local/e04e7fb6-5f91-4ece-b113-86436b2fae79,BEYR,1.806974816599177e-08
smi:local/e04e7fb6-5f91-4ece-b113-86436b2fae79,MAK,9.767908883417763e-08
smi:local/e04e7fb6-5f91-4ece-b113-86436b2fae79,SHA1,2.099643065973547e-08
smi:local/e8a0754b-b3c1-4bd9-9b12-709ca0f1fe92,ARKR,1.9048126389900744e-08
smi:local/e8a0754b-b3c1-4bd9-9b12-709ca0f1fe92,DOMR,7.825146178567894e-08
smi:local/e8a0754b-b3c1-4bd9-9b12-709ca0f1fe92,GLDR,1.4076967767940141e-08
smi:local/61b3d068-e589-484b-9257-3c9c90548925,RPOR,2.1589253834202605e-08
smi:local/61b3d068-e589-484b-9257-3c9c90548925,SPGR,946.3821999119441
smi:local/61b3d068-e589-484b-9257-3c9c90548925,VSLR,8.153700049513873e-08
smi:local/ac3456c3-cd79-4e06-a164-b4de15f6cbdc,ARKR,2.2062479762926816e-09
smi:local/fd6d8eaa-8cf0-4188-83d5-957f530e3a15,GRYR,6.578356007311443e-09
smi:local/fd6d8eaa-8cf0-4188-83d5-957f530e3a15,RPOR,5.696379342082159e-09
smi:local/fd6d8eaa-8cf0-4188-83d5-957f530e3a15,SPGR,595.0371102863828
smi:local/fd6d8eaa-8cf0-4188-83d5-957f530e3a15,TLTR,7.517011202504088e-10
smi:local/7795188a-d16e-42d7-91fa-21f72947803e,ARKR,2.005505862536997e-09
smi:local/7795188a-d16e-42d7-91fa-21f72947803e,GRYR,6.921028170748534e-09
smi:local/7795188a-d16e-42d7-91fa-21f72947803e,RPOR,3.6056271131364466e-09
smi:local/6c6cdcd4-027b-4336-8e94-5f024c0b0077,RPOR,3.7780918677648976e-09
smi:local/7795188a-d16e-42d7-91fa-21f72947803e,SPGR,158.19108964923996
smi:local/6c6cdcd4-027b-4336-8e94-5f024c0b0077,SPGR,102.63800759573698
smi:local/7795188a-d16e-42d7-91fa-21f72947803e,VSLR,1.0678297549943589e-08
smi:local/6c6cdcd4-027b-4336-8e94-5f024c0b0077,VSLR,6.158876485156954e-09
smi:local/6c6cdcd4-027b-4336-8e94-5f024c0b0077,GLDR,9.627799480423352e-09
smi:local/6c6cdcd4-027b-4336-8e94-5f024c0b0077,KORR,8.088074564243695e-09
smi:local/c6817360-b4fe-4ccb-951c-1e69b1bb78f6,GLDR,4.9597969224298743e-08
smi:local/c6817360-b4fe-4ccb-951c-1e69b1bb78f6,SPGR,1691.075339338217
smi:local/ee0b1ec5-e7a6-4a95-889f-1c484ee8c64c,DOMR,2.6180571601730164e-08
smi:local/f066f4c5-dbc9-4462-a4de-fa4090697d68,DOMR,1.9193350411187192e-08
smi:local/ee0b1ec5-e7a6-4a95-889f-1c484ee8c64c,GLDR,3.798060371410467e-08
smi:local/f066f4c5-dbc9-4462-a4de-fa4090697d68,GLDR,5.517129278685695e-08
smi:local/ee0b1ec5-e7a6-4a95-889f-1c484ee8c64c,LACR,2.9880259449967784e-08
smi:local/ee0b1ec5-e7a6-4a95-889f-1c484ee8c64c,SPGR,751.4389951222919
smi:local/f066f4c5-dbc9-4462-a4de-fa4090697d68,SPGR,1916.6392471916774
smi:local/5577265d-fbc3-4caa-9c02-3e04e7878e2a,GLDR,2.331046840600046e-08
smi:local/5577265d-fbc3-4caa-9c02-3e04e7878e2a,GRYR,5.3155911518700826e-08
smi:local/5577265d-fbc3-4caa-9c02-3e04e7878e2a,RPOR,2.616567230603201e-08
smi:local/5577265d-fbc3-4caa-9c02-3e04e7878e2a,SPGR,1186.1236754054328
smi:local/5577265d-fbc3-4caa-9c02-3e04e7878e2a,VSLR,1.345614989238771e-07
smi:local/4b76e1b3-ad81-4420-97da-f4111554c88b,BUJR,7.428865818462191e-08
smi:local/4b76e1b3-ad81-4420-97da-f4111554c88b,RPOR,9.654958176486783e-09
smi:local/4b76e1b3-ad81-4420-97da-f4111554c88b,TLTR,7.053596747937678e-10
smi:local/dc1012fc-39cc-45bf-91c9-b27a3b777cb7,ARKR,3.673128261426956e-09
smi:local/dc1012fc-39cc-45bf-91c9-b27a3b777cb7,GLDR,8.365753752162955e-09
smi:local/dc1012fc-39cc-45bf-91c9-b27a3b777cb7,LACR,1.2284185625591194e-08
smi:local/dc1012fc-39cc-45bf-91c9-b27a3b777cb7,RPOR,3.156781545811596e-09
smi:local/9f9b7f0f-cb7b-44eb-8d3a-ecbff8461765,ARKR,1.7958046508199628e-09
smi:local/9f9b7f0f-cb7b-44eb-8d3a-ecbff8461765,BUJR,4.657621570559651e-08
smi:local/9f9b7f0f-cb7b-44eb-8d3a-ecbff8461765,GRYR,2.6073219152125276e-08
smi:local/9f9b7f0f-cb7b-44eb-8d3a-ecbff8461765,VSLR,2.789066074777886e-08
smi:local/8138ad65-a187-4247-acec-386a15f6d2d8,DOMR,5.514204709834837e-08
smi:local/8138ad65-a187-4247-acec-386a15f6d2d8,GRYR,1.794443649274384e-08
smi:local/a2b84b3c-280c-4003-b867-dfdb4297b161,DOMR,1.140272180901773e-07
smi:local/a2b84b3c-280c-4003-b867-dfdb4297b161,GRYR,8.76774217056381e-08
smi:local/a2b84b3c-280c-4003-b867-dfdb4297b161,LACR,3.28867595541581e-08
smi:local/a2b84b3c-280c-4003-b867-dfdb4297b161,RPOR,4.0909891710337654e-08
smi:local/b59f6ef8-5b2a-4b5f-b993-145708c38249,ARKR,2.5528872544041427e-09
smi:local/b59f6ef8-5b2a-4b5f-b993-145708c38249,DOMR,2.2301722385648017e-08
smi:local/b59f6ef8-5b2a-4b5f-b993-145708c38249,GLDR,1.4011413351917015e-08
smi:local/b59f6ef8-5b2a-4b5f-b993-145708c38249,GRYR,2.9306757472618637e-08
smi:local/eef25bb6-e93b-48ef-ad3b-b3286bd1e1c1,GRYR,9.47254868852772e-09
smi:local/b59f6ef8-5b2a-4b5f-b993-145708c38249,KORR,1.5080055538349075e-08
smi:local/eef25bb6-e93b-48ef-ad3b-b3286bd1e1c1,KORR,5.1375712647455425e-09
smi:local/b59f6ef8-5b2a-4b5f-b993-145708c38249,NCK,1.6374855342996934e-07
smi:local/b59f6ef8-5b2a-4b5f-b993-145708c38249,VSLR,1.9695343922636596e-08
smi:local/eef25bb6-e93b-48ef-ad3b-b3286bd1e1c1,SPGR,179.59792782964
smi:local/25250bbd-d4b1-425d-8b59-2fea9714ec42,DOMR,1.299275932192682e-07
smi:local/25250bbd-d4b1-425d-8b59-2fea9714ec42,GRYR,1.2530086700170917e-07
smi:local/25250bbd-d4b1-425d-8b59-2fea9714ec42,KORR,4.1485394519955294e-08
smi:local/4ef6c0c6-8b69-487b-9d3e-0e9cde4c7c4e,KORR,7.065920315498587e-09
smi:local/25250bbd-d4b1-425d-8b59-2fea9714ec42,RPOR,1.831483728601784e-08
smi:local/4ef6c0c6-8b69-487b-9d3e-0e9cde4c7c4e,RPOR,3.2470792876232866e-09
smi:local/25250bbd-d4b1-425d-8b59-2fea9714ec42,TLTR,3.145432271301128e-09
smi:local/4ef6c0c6-8b69-487b-9d3e-0e9cde4c7c4e,GLDR,3.237746484658827e-08
smi:local/4ef6c0c6-8b69-487b-9d3e-0e9cde4c7c4e,VSLR,5.0106382435266475e-17
smi:local/9164aaf6-da7a-4551-bc78-62cbf7b3ddf4,BUJR,3.9740684535638017e-08
smi:local/9164aaf6-da7a-4551-bc78-62cbf7b3ddf4,DOMR,4.125310216915448e-08
smi:local/9164aaf6-da7a-4551-bc78-62cbf7b3ddf4,GLDR,2.3588068035439615e-08
smi:local/9164aaf6-da7a-4551-bc78-62cbf7b3ddf4,RPOR,3.4912672488675695e-09
smi:local/9164aaf6-da7a-4551-bc78-62cbf7b3ddf4,TLTR,7.750659244164558e-10
smi:local/9164aaf6-da7a-4551-bc78-62cbf7b3ddf4,VSLR,1.7604057933806e-08
smi:local/23aed4d1-c1b1-4216-be6a-ab0a180229dc,BUJR,1.9738501968375587e-07
smi:local/23aed4d1-c1b1-4216-be6a-ab0a180229dc,GLDR,1.5256603998124578e-08
smi:local/23aed4d1-c1b1-4216-be6a-ab0a180229dc,GRYR,2.378816860115412e-09
smi:local/23aed4d1-c1b1-4216-be6a-ab0a180229dc,RPOR,4.654696090206081e-09
smi:local/23aed4d1-c1b1-4216-be6a-ab0a180229dc,SPGR,620.7473453346129
smi:local/23aed4d1-c1b1-4216-be6a-ab0a180229dc,VSLR,1.9440803774325275e-08
smi:local/9f017e5b-2a0c-4d33-8db7-ca3342e7d03a,GRYR,5.2601148343535485e-09
smi:local/9f017e5b-2a0c-4d33-8db7-ca3342e7d03a,RPOR,4.115762806727156e-09
smi:local/0b8179d2-67a8-4f31-91f9-67f0b12aa991,ARKR,1.7708482997975143e-09
smi:local/0b8179d2-67a8-4f31-91f9-67f0b12aa991,GRYR,3.3412931755394396e-08
smi:local/0b8179d2-67a8-4f31-91f9-67f0b12aa991,KORR,8.895685294401112e-09
smi:local/0b8179d2-67a8-4f31-91f9-67f0b12aa991,RPOR,2.9711917541587958e-08
smi:local/0b8179d2-67a8-4f31-91f9-67f0b12aa991,SPGR,253.24670749161945
smi:local/4c6d0fa1-9165-4fa6-a2a9-d1e15d303a58,SPGR,108.01577000356433
smi:local/4c6d0fa1-9165-4fa6-a2a9-d1e15d303a58,TLTR,1.005897876128303e-09
smi:local/4c6d0fa1-9165-4fa6-a2a9-d1e15d303a58,VSLR,8.94783673829997e-09
smi:local/e04e7fb6-5f91-4ece-b113-86436b2fae79,GLDR,1.392431260539801e-08
smi:local/e04e7fb6-5f91-4ece-b113-86436b2fae79,KORR,1.0878937107163608e-08
smi:local/e04e7fb6-5f91-4ece-b113-86436b2fae79,VSLR,1.1094592896042889e-08
