station,cat_time,pub_id,Ms,R_km,A_nm,ML_raw,S,is_outlier
AKT,2024-04-26T09:54:58,smi:local/6e3151be-ee44-41c9-b761-e4d2e3436182,2.39,509.6,11.15,2.770,-0.382,
ANN,2024-04-05T11:30:21,smi:local/09994183-6d0d-4e68-8f90-f1b37f5ae364,1.56,236.5,1.50,1.109,0.447,
ANN,2024-04-10T22:31:18,smi:local/62624a81-4e35-48c2-b8a6-28889a55dc2c,4.06,216.6,77.01,2.746,1.309,
ANN,2024-04-14T18:48:52,smi:local/be194d76-5a6e-4d8c-82ac-57e2b79eab9b,2.00,219.1,1.59,1.069,0.931,
ANN,2024-04-19T12:35:51,smi:local/9790f3ce-a5d7-4cb6-865e-1a716486a000,1.06,400.9,1.00,1.439,-0.384,
ANN,2024-04-23T14:02:45,smi:local/44a5ddc7-b496-452b-94c4-f9d004279d9c,1.06,255.6,0.96,0.982,0.074,
ANN,2024-04-26T09:18:28,smi:local/5a8558cb-e99b-4045-b460-dd4af58a8a80,2.22,167.1,4.92,1.355,0.867,
ANN,2024-04-26T10:34:51,smi:local/115e0ef1-a456-4893-8676-08022adf1175,2.89,164.7,23.05,2.015,0.874,
ANN,2024-04-28T02:53:09,smi:local/f125a0d6-2ea1-45c0-ac05-38ffec707d8f,1.06,325.3,1.09,1.258,-0.203,
ANN,2024-04-29T01:16:01,smi:local/f16b4f64-ae65-408c-9670-b95b4f445133,1.72,167.3,2.15,0.997,0.726,
ANN,2024-04-30T05:16:17,smi:local/575d8aa8-ae24-4203-a965-4053299c0328,1.72,421.9,1.55,1.683,0.039,
ARKR,2024-04-26T09:54:58,smi:local/6e3151be-ee44-41c9-b761-e4d2e3436182,2.39,397.0,2.43,1.812,0.577,
ARKR,2024-04-29T11:00:17,smi:local/89037865-7dd0-40ef-a801-657d78687e21,2.17,432.5,2.59,1.937,0.230,
ARKR,2024-04-30T05:16:17,smi:local/575d8aa8-ae24-4203-a965-4053299c0328,1.72,395.9,1.51,1.602,0.120,
ARNR,2024-04-04T19:54:05,smi:local/7cb8e5e2-f84c-4b2a-8416-44794191bb13,2.50,157.9,56.03,2.371,0.129,
ARNR,2024-04-06T00:29:34,smi:local/7b35bb03-53e8-46c0-b4f0-524af57a93f6,1.50,203.9,3.09,1.302,0.198,
ARNR,2024-04-10T22:31:18,smi:local/62624a81-4e35-48c2-b8a6-28889a55dc2c,4.06,378.3,8.99,2.328,1.728,yes
ARNR,2024-04-26T10:34:51,smi:local/115e0ef1-a456-4893-8676-08022adf1175,2.89,434.1,9.20,2.491,0.398,
ARNR,2024-04-27T07:07:34,smi:local/c6e47510-d795-44bd-8708-554186b2ce0d,2.72,169.1,95.24,2.650,0.072,
ARNR,2024-04-27T11:44:04,smi:local/23a1f433-f834-45e0-8884-3cc827506413,1.22,169.4,10.04,1.674,-0.452,
ARNR,2024-04-29T01:16:01,smi:local/f16b4f64-ae65-408c-9670-b95b4f445133,1.72,431.2,7.80,2.412,-0.690,
ARNR,2024-04-29T11:00:17,smi:local/89037865-7dd0-40ef-a801-657d78687e21,2.17,205.2,12.46,1.912,0.254,
ARNR,2024-04-29T20:47:30,smi:local/e5e2efe6-3edd-43b3-a493-9f0447e16e52,2.06,430.8,8.05,2.425,-0.369,
ARNR,2024-04-30T05:16:17,smi:local/575d8aa8-ae24-4203-a965-4053299c0328,1.72,168.2,12.87,1.777,-0.055,
BEYR,2024-04-05T20:29:02,smi:local/1bd24257-7bfa-4533-a0ce-70b1501515bc,1.72,59.1,38.90,1.613,0.110,
BEYR,2024-04-06T00:29:34,smi:local/7b35bb03-53e8-46c0-b4f0-524af57a93f6,1.50,55.6,20.47,1.301,0.199,
BEYR,2024-04-10T22:31:18,smi:local/62624a81-4e35-48c2-b8a6-28889a55dc2c,4.06,234.3,1420.15,4.076,-0.020,
BEYR,2024-04-19T11:07:54,smi:local/e53875cd-3a54-4fb1-972f-63e2a5380623,3.17,117.5,1224.40,3.512,-0.346,
BEYR,2024-04-19T12:35:51,smi:local/9790f3ce-a5d7-4cb6-865e-1a716486a000,1.06,71.6,14.14,1.279,-0.223,
BEYR,2024-04-26T09:54:58,smi:local/6e3151be-ee44-41c9-b761-e4d2e3436182,2.39,33.5,1033.32,2.742,-0.353,
BEYR,2024-04-27T07:07:34,smi:local/c6e47510-d795-44bd-8708-554186b2ce0d,2.72,32.0,1325.87,2.827,-0.105,
BEYR,2024-04-27T07:44:08,smi:local/24562e72-97ac-4202-8b0e-3d11011fea43,1.50,33.7,147.66,1.901,-0.401,
BEYR,2024-04-27T11:44:04,smi:local/23a1f433-f834-45e0-8884-3cc827506413,1.22,33.8,63.72,1.536,-0.314,
BEYR,2024-04-28T02:53:09,smi:local/f125a0d6-2ea1-45c0-ac05-38ffec707d8f,1.06,125.7,5.43,1.203,-0.147,
BEYR,2024-04-30T05:16:17,smi:local/575d8aa8-ae24-4203-a965-4053299c0328,1.72,32.4,208.19,2.030,-0.308,
BTLR,2024-04-04T19:54:05,smi:local/7cb8e5e2-f84c-4b2a-8416-44794191bb13,2.50,320.8,4.77,1.885,0.615,yes
BTLR,2024-04-06T00:29:34,smi:local/7b35bb03-53e8-46c0-b4f0-524af57a93f6,1.50,366.2,2.25,1.692,-0.192,
BTLR,2024-04-07T03:30:58,smi:local/8c9b1659-81c9-4108-9c97-dd76c700fe00,1.44,582.1,1.56,2.095,-0.650,
BTLR,2024-04-14T18:48:52,smi:local/be194d76-5a6e-4d8c-82ac-57e2b79eab9b,2.00,537.0,5.24,2.511,-0.511,
BTLR,2024-04-26T09:54:58,smi:local/6e3151be-ee44-41c9-b761-e4d2e3436182,2.39,336.5,12.74,2.358,0.031,
BTLR,2024-04-29T20:47:30,smi:local/e5e2efe6-3edd-43b3-a493-9f0447e16e52,2.06,598.7,2.05,2.253,-0.198,
BTLR,2024-04-30T05:16:17,smi:local/575d8aa8-ae24-4203-a965-4053299c0328,1.72,335.3,3.51,1.794,-0.072,
BUJR,2024-04-19T11:07:54,smi:local/e53875cd-3a54-4fb1-972f-63e2a5380623,3.17,465.9,116.67,3.678,-0.511,
DBC,2024-04-10T22:31:18,smi:local/62624a81-4e35-48c2-b8a6-28889a55dc2c,4.06,576.2,3.14,2.384,1.671,
DBC,2024-04-26T09:54:58,smi:local/6e3151be-ee44-41c9-b761-e4d2e3436182,2.39,369.1,5.78,2.110,0.279,
DIGR,2024-04-04T19:54:05,smi:local/7cb8e5e2-f84c-4b2a-8416-44794191bb13,2.50,148.4,357.72,3.133,-0.633,
DIGR,2024-04-10T22:31:18,smi:local/62624a81-4e35-48c2-b8a6-28889a55dc2c,4.06,346.6,844.90,4.210,-0.154,
DIGR,2024-04-19T11:07:54,smi:local/e53875cd-3a54-4fb1-972f-63e2a5380623,3.17,187.4,199.85,3.048,0.119,
DIGR,2024-04-26T09:54:58,smi:local/6e3151be-ee44-41c9-b761-e4d2e3436182,2.39,147.1,311.93,3.067,-0.678,
DIGR,2024-04-27T07:07:34,smi:local/c6e47510-d795-44bd-8708-554186b2ce0d,2.72,146.4,307.46,3.057,-0.335,
DIGR,2024-04-27T07:44:08,smi:local/24562e72-97ac-4202-8b0e-3d11011fea43,1.50,147.1,42.23,2.198,-0.698,
DIGR,2024-04-29T11:00:17,smi:local/89037865-7dd0-40ef-a801-657d78687e21,2.17,180.2,140.39,2.865,-0.699,
DOMR,2024-04-01T11:55:59,smi:local/5dfab802-4101-43ca-9c6f-b0583bf29181,1.89,403.5,0.00,-5.575,7.464,yes
DOMR,2024-04-04T19:54:05,smi:local/7cb8e5e2-f84c-4b2a-8416-44794191bb13,2.50,128.9,306.79,2.971,-0.471,
DOMR,2024-04-06T00:29:34,smi:local/7b35bb03-53e8-46c0-b4f0-524af57a93f6,1.50,131.1,18.46,1.762,-0.262,
DOMR,2024-04-10T22:31:18,smi:local/62624a81-4e35-48c2-b8a6-28889a55dc2c,4.06,199.8,1187.81,3.871,0.185,
DOMR,2024-04-19T11:07:54,smi:local/e53875cd-3a54-4fb1-972f-63e2a5380623,3.17,40.1,2031.80,3.127,0.040,
DOMR,2024-04-26T09:54:58,smi:local/6e3151be-ee44-41c9-b761-e4d2e3436182,2.39,97.2,203.80,2.616,-0.227,
DOMR,2024-04-26T10:34:51,smi:local/115e0ef1-a456-4893-8676-08022adf1175,2.89,225.6,25.98,2.307,0.582,
DOMR,2024-04-27T07:07:34,smi:local/c6e47510-d795-44bd-8708-554186b2ce0d,2.72,96.4,380.84,2.882,-0.160,
DOMR,2024-04-27T07:44:08,smi:local/24562e72-97ac-4202-8b0e-3d11011fea43,1.50,97.9,31.27,1.806,-0.306,
DOMR,2024-04-30T05:16:17,smi:local/575d8aa8-ae24-4203-a965-4053299c0328,1.72,96.0,25.60,1.707,0.015,
DRN,2024-04-27T07:07:34,smi:local/c6e47510-d795-44bd-8708-554186b2ce0d,2.72,524.7,42.07,3.385,-0.663,
DVE,2024-04-05T20:29:02,smi:local/1bd24257-7bfa-4533-a0ce-70b1501515bc,1.72,347.9,2.32,1.653,0.069,
DVE,2024-04-14T18:48:52,smi:local/be194d76-5a6e-4d8c-82ac-57e2b79eab9b,2.00,518.9,4.18,2.367,-0.367,
DVE,2024-04-19T11:07:54,smi:local/e53875cd-3a54-4fb1-972f-63e2a5380623,3.17,382.6,6.95,2.228,0.939,
DVE,2024-04-29T01:16:01,smi:local/f16b4f64-ae65-408c-9670-b95b4f445133,1.72,582.9,1.86,2.173,-0.450,
ERBR,2024-04-05T20:29:02,smi:local/1bd24257-7bfa-4533-a0ce-70b1501515bc,1.72,206.2,12.23,1.908,-0.186,
ERBR,2024-04-06T00:29:34,smi:local/7b35bb03-53e8-46c0-b4f0-524af57a93f6,1.50,209.3,13.00,1.947,-0.447,
ERBR,2024-04-10T22:31:18,smi:local/62624a81-4e35-48c2-b8a6-28889a55dc2c,4.06,124.1,568.16,3.214,0.842,yes
ERBR,2024-04-19T11:07:54,smi:local/e53875cd-3a54-4fb1-972f-63e2a5380623,3.17,248.8,221.59,3.320,-0.153,
ERBR,2024-04-26T09:54:58,smi:local/6e3151be-ee44-41c9-b761-e4d2e3436182,2.39,252.0,23.83,2.362,0.027,
ERBR,2024-04-26T10:06:17,smi:local/90eaa2f0-8922-497a-a25a-f1162b36e097,2.06,224.8,68.63,2.726,-0.671,
ERBR,2024-04-27T07:07:34,smi:local/c6e47510-d795-44bd-8708-554186b2ce0d,2.72,252.2,109.17,3.024,-0.302,
ERBR,2024-04-29T01:16:01,smi:local/f16b4f64-ae65-408c-9670-b95b4f445133,1.72,217.9,17.86,2.116,-0.394,
GLDR,2024-04-04T19:54:05,smi:local/7cb8e5e2-f84c-4b2a-8416-44794191bb13,2.50,412.4,4.71,2.141,0.359,
GLDR,2024-04-05T11:30:21,smi:local/09994183-6d0d-4e68-8f90-f1b37f5ae364,1.56,216.6,14.56,2.023,-0.467,
GLDR,2024-04-07T03:30:58,smi:local/8c9b1659-81c9-4108-9c97-dd76c700fe00,1.44,265.9,12.67,2.135,-0.691,
GLDR,2024-04-10T22:31:18,smi:local/62624a81-4e35-48c2-b8a6-28889a55dc2c,4.06,186.5,198.69,3.042,1.014,
GLDR,2024-04-26T09:18:28,smi:local/5a8558cb-e99b-4045-b460-dd4af58a8a80,2.22,148.9,37.39,2.154,0.068,
GLDR,2024-04-26T10:34:51,smi:local/115e0ef1-a456-4893-8676-08022adf1175,2.89,147.2,245.11,2.963,-0.074,
GLVR,2024-04-06T00:29:34,smi:local/7b35bb03-53e8-46c0-b4f0-524af57a93f6,1.50,296.4,7.82,2.024,-0.524,
GLVR,2024-04-10T22:31:18,smi:local/62624a81-4e35-48c2-b8a6-28889a55dc2c,4.06,254.9,870.79,3.935,0.120,
GLVR,2024-04-14T18:48:52,smi:local/be194d76-5a6e-4d8c-82ac-57e2b79eab9b,2.00,300.6,23.27,2.511,-0.511,
GLVR,2024-04-19T11:07:54,smi:local/e53875cd-3a54-4fb1-972f-63e2a5380623,3.17,363.8,27.47,2.772,0.395,
GLVR,2024-04-26T09:54:58,smi:local/6e3151be-ee44-41c9-b761-e4d2e3436182,2.39,344.5,51.57,2.989,-0.600,
GOFR,2024-04-06T00:29:34,smi:local/7b35bb03-53e8-46c0-b4f0-524af57a93f6,1.50,99.7,18.81,1.596,-0.096,
GOFR,2024-04-10T22:31:18,smi:local/62624a81-4e35-48c2-b8a6-28889a55dc2c,4.06,243.4,2112.28,4.281,-0.225,
GOFR,2024-04-27T07:07:34,smi:local/c6e47510-d795-44bd-8708-554186b2ce0d,2.72,137.8,749.28,3.403,-0.681,
GOFR,2024-04-30T05:16:17,smi:local/575d8aa8-ae24-4203-a965-4053299c0328,1.72,138.9,47.65,2.212,-0.490,
GOYR,2024-04-05T11:30:21,smi:local/09994183-6d0d-4e68-8f90-f1b37f5ae364,1.56,66.6,41.00,1.701,-0.145,
GOYR,2024-04-07T03:30:58,smi:local/8c9b1659-81c9-4108-9c97-dd76c700fe00,1.44,162.0,10.78,1.673,-0.229,
GOYR,2024-04-10T05:55:17,smi:local/a225f819-a3f6-4a25-8382-bf51c9911953,1.06,218.5,4.40,1.511,-0.455,
GOYR,2024-04-10T22:31:18,smi:local/62624a81-4e35-48c2-b8a6-28889a55dc2c,4.06,72.3,18302.21,4.396,-0.340,
GOYR,2024-04-19T11:07:54,smi:local/e53875cd-3a54-4fb1-972f-63e2a5380623,3.17,184.6,33.34,2.259,0.908,
GOYR,2024-04-26T09:54:58,smi:local/6e3151be-ee44-41c9-b761-e4d2e3436182,2.39,247.6,6.16,1.760,0.629,
GOYR,2024-04-30T05:16:17,smi:local/575d8aa8-ae24-4203-a965-4053299c0328,1.72,248.2,6.44,1.781,-0.059,
GUZR,2024-04-01T11:55:59,smi:local/5dfab802-4101-43ca-9c6f-b0583bf29181,1.89,262.6,4.15,1.639,0.249,
GUZR,2024-04-04T19:54:05,smi:local/7cb8e5e2-f84c-4b2a-8416-44794191bb13,2.50,212.7,27.33,2.282,0.218,
GUZR,2024-04-05T11:30:21,smi:local/09994183-6d0d-4e68-8f90-f1b37f5ae364,1.56,36.7,41.65,1.394,0.162,
GUZR,2024-04-05T20:29:02,smi:local/1bd24257-7bfa-4533-a0ce-70b1501515bc,1.72,174.9,2.99,1.171,0.551,
GUZR,2024-04-06T00:29:34,smi:local/7b35bb03-53e8-46c0-b4f0-524af57a93f6,1.50,180.5,4.16,1.339,0.161,
GUZR,2024-04-07T03:30:58,smi:local/8c9b1659-81c9-4108-9c97-dd76c700fe00,1.44,156.3,4.43,1.261,0.183,
GUZR,2024-04-10T22:31:18,smi:local/62624a81-4e35-48c2-b8a6-28889a55dc2c,4.06,77.1,7704.07,4.057,-0.002,
GUZR,2024-04-19T11:07:54,smi:local/e53875cd-3a54-4fb1-972f-63e2a5380623,3.17,119.8,217.79,2.775,0.392,
GUZR,2024-04-19T12:35:51,smi:local/9790f3ce-a5d7-4cb6-865e-1a716486a000,1.06,162.0,4.70,1.313,-0.257,
GUZR,2024-04-26T09:18:28,smi:local/5a8558cb-e99b-4045-b460-dd4af58a8a80,2.22,85.3,32.80,1.745,0.477,
GUZR,2024-04-26T09:54:58,smi:local/6e3151be-ee44-41c9-b761-e4d2e3436182,2.39,186.5,63.44,2.546,-0.157,
GUZR,2024-04-26T10:06:17,smi:local/90eaa2f0-8922-497a-a25a-f1162b36e097,2.06,157.5,68.63,2.457,-0.402,
GUZR,2024-04-26T10:34:51,smi:local/115e0ef1-a456-4893-8676-08022adf1175,2.89,88.6,123.30,2.342,0.547,
GUZR,2024-04-27T06:57:35,smi:local/cc96de76-6753-4ee5-991b-3dbc2ef93497,1.11,84.6,2.66,0.649,0.462,
GUZR,2024-04-27T07:07:34,smi:local/c6e47510-d795-44bd-8708-554186b2ce0d,2.72,186.3,90.93,2.701,0.021,
GUZR,2024-04-27T07:44:08,smi:local/24562e72-97ac-4202-8b0e-3d11011fea43,1.50,187.1,8.47,1.674,-0.174,
GUZR,2024-04-27T11:44:04,smi:local/23a1f433-f834-45e0-8884-3cc827506413,1.22,186.6,4.33,1.380,-0.158,
GUZR,2024-04-28T01:12:11,smi:local/b1cb3b34-ec11-4b79-a842-824e4bc15e9e,1.06,89.6,8.72,1.198,-0.142,
GUZR,2024-04-28T02:53:09,smi:local/f125a0d6-2ea1-45c0-ac05-38ffec707d8f,1.06,104.3,14.85,1.522,-0.466,
GUZR,2024-04-29T01:16:01,smi:local/f16b4f64-ae65-408c-9670-b95b4f445133,1.72,86.1,12.15,1.319,0.404,
GUZR,2024-04-30T05:16:17,smi:local/575d8aa8-ae24-4203-a965-4053299c0328,1.72,186.8,14.01,1.891,-0.169,
KMKR,2024-04-06T00:29:34,smi:local/7b35bb03-53e8-46c0-b4f0-524af57a93f6,1.50,459.2,2.56,2.001,-0.501,
KMKR,2024-04-26T09:54:58,smi:local/6e3151be-ee44-41c9-b761-e4d2e3436182,2.39,428.1,3.44,2.048,0.341,
KMKR,2024-04-27T07:07:34,smi:local/c6e47510-d795-44bd-8708-554186b2ce0d,2.72,427.7,6.77,2.340,0.382,
KMKR,2024-04-30T05:16:17,smi:local/575d8aa8-ae24-4203-a965-4053299c0328,1.72,426.8,4.19,2.130,-0.408,
KORR,2024-04-04T19:54:05,smi:local/7cb8e5e2-f84c-4b2a-8416-44794191bb13,2.50,153.5,119.61,2.680,-0.180,
KORR,2024-04-06T00:29:34,smi:local/7b35bb03-53e8-46c0-b4f0-524af57a93f6,1.50,199.1,6.77,1.624,-0.124,
KORR,2024-04-10T22:31:18,smi:local/62624a81-4e35-48c2-b8a6-28889a55dc2c,4.06,368.7,50.55,3.051,1.005,
KORR,2024-04-26T09:54:58,smi:local/6e3151be-ee44-41c9-b761-e4d2e3436182,2.39,161.4,102.12,2.647,-0.258,
KORR,2024-04-26T10:06:17,smi:local/90eaa2f0-8922-497a-a25a-f1162b36e097,2.06,192.4,35.88,2.322,-0.266,
KORR,2024-04-26T10:34:51,smi:local/115e0ef1-a456-4893-8676-08022adf1175,2.89,420.6,8.73,2.432,0.457,
KORR,2024-04-27T07:07:34,smi:local/c6e47510-d795-44bd-8708-554186b2ce0d,2.72,160.8,0.00,-5.916,8.638,yes
KORR,2024-04-27T07:44:08,smi:local/24562e72-97ac-4202-8b0e-3d11011fea43,1.50,161.2,14.56,1.800,-0.300,
KORR,2024-04-30T05:16:17,smi:local/575d8aa8-ae24-4203-a965-4053299c0328,1.72,159.8,4.81,1.313,0.409,
KRNR,2024-04-06T00:29:34,smi:local/7b35bb03-53e8-46c0-b4f0-524af57a93f6,1.50,406.3,3.71,2.021,-0.521,
KRNR,2024-04-10T22:31:18,smi:local/62624a81-4e35-48c2-b8a6-28889a55dc2c,4.06,589.1,4.78,2.598,1.458,
KRNR,2024-04-26T09:54:58,smi:local/6e3151be-ee44-41c9-b761-e4d2e3436182,2.39,381.0,1.46,1.546,0.843,
KSMR,2024-04-19T11:07:54,smi:local/e53875cd-3a54-4fb1-972f-63e2a5380623,3.17,586.9,18.56,3.182,-0.015,
LABN,2024-04-05T20:29:02,smi:local/1bd24257-7bfa-4533-a0ce-70b1501515bc,1.72,126.0,64.09,2.276,-0.554,
LABN,2024-04-10T22:31:18,smi:local/62624a81-4e35-48c2-b8a6-28889a55dc2c,4.06,58.8,12906.07,4.130,-0.075,
LABN,2024-04-14T18:48:52,smi:local/be194d76-5a6e-4d8c-82ac-57e2b79eab9b,2.00,76.8,42.20,1.794,0.206,
LABN,2024-04-26T09:54:58,smi:local/6e3151be-ee44-41c9-b761-e4d2e3436182,2.39,158.6,177.55,2.875,-0.486,
LABN,2024-04-26T10:34:51,smi:local/115e0ef1-a456-4893-8676-08022adf1175,2.89,151.8,748.74,3.469,-0.580,
LABN,2024-04-27T07:07:34,smi:local/c6e47510-d795-44bd-8708-554186b2ce0d,2.72,158.5,268.01,3.053,-0.331,
LACR,2024-04-04T19:54:05,smi:local/7cb8e5e2-f84c-4b2a-8416-44794191bb13,2.50,187.4,130.74,2.864,-0.364,
LACR,2024-04-05T20:29:02,smi:local/1bd24257-7bfa-4533-a0ce-70b1501515bc,1.72,236.1,12.07,2.012,-0.290,
LACR,2024-04-06T00:29:34,smi:local/7b35bb03-53e8-46c0-b4f0-524af57a93f6,1.50,232.9,11.59,1.983,-0.483,
LACR,2024-04-07T03:30:58,smi:local/8c9b1659-81c9-4108-9c97-dd76c700fe00,1.44,424.4,2.33,1.869,-0.424,
LACR,2024-04-10T22:31:18,smi:local/62624a81-4e35-48c2-b8a6-28889a55dc2c,4.06,399.5,101.00,3.438,0.618,
LACR,2024-04-19T11:07:54,smi:local/e53875cd-3a54-4fb1-972f-63e2a5380623,3.17,243.9,38.10,2.539,0.628,
LSNR,2024-04-01T11:55:59,smi:local/5dfab802-4101-43ca-9c6f-b0583bf29181,1.89,569.8,4.73,2.546,-0.658,yes
LSNR,2024-04-05T20:29:02,smi:local/1bd24257-7bfa-4533-a0ce-70b1501515bc,1.72,173.3,10.70,1.718,0.004,
LSNR,2024-04-06T00:29:34,smi:local/7b35bb03-53e8-46c0-b4f0-524af57a93f6,1.50,169.9,8.16,1.586,-0.086,
LSNR,2024-04-10T05:55:17,smi:local/a225f819-a3f6-4a25-8382-bf51c9911953,1.06,188.0,3.13,1.246,-0.190,
LSNR,2024-04-10T22:31:18,smi:local/62624a81-4e35-48c2-b8a6-28889a55dc2c,4.06,340.7,308.60,3.755,0.300,
LSNR,2024-04-14T18:48:52,smi:local/be194d76-5a6e-4d8c-82ac-57e2b79eab9b,2.00,330.1,1.46,1.398,0.602,yes
LSNR,2024-04-27T07:07:34,smi:local/c6e47510-d795-44bd-8708-554186b2ce0d,2.72,132.1,196.99,2.795,-0.073,
LSNR,2024-04-27T07:44:08,smi:local/24562e72-97ac-4202-8b0e-3d11011fea43,1.50,132.6,13.16,1.623,-0.123,
LSNR,2024-04-27T11:44:04,smi:local/23a1f433-f834-45e0-8884-3cc827506413,1.22,132.5,3.82,1.084,0.138,
LSNR,2024-04-28T01:12:11,smi:local/b1cb3b34-ec11-4b79-a842-824e4bc15e9e,1.06,233.7,2.25,1.273,-0.217,
LSNR,2024-04-28T02:53:09,smi:local/f125a0d6-2ea1-45c0-ac05-38ffec707d8f,1.06,230.9,2.55,1.319,-0.263,
LSNR,2024-04-29T11:00:17,smi:local/89037865-7dd0-40ef-a801-657d78687e21,2.17,168.1,30.11,2.146,0.021,
LSNR,2024-04-29T20:47:30,smi:local/e5e2efe6-3edd-43b3-a493-9f0447e16e52,2.06,392.1,4.18,2.034,0.022,
LSNR,2024-04-30T05:16:17,smi:local/575d8aa8-ae24-4203-a965-4053299c0328,1.72,131.2,21.36,1.826,-0.103,
MRNR,2024-04-01T11:55:59,smi:local/5dfab802-4101-43ca-9c6f-b0583bf29181,1.89,217.1,12.74,1.967,-0.078,
MRNR,2024-04-10T05:55:17,smi:local/a225f819-a3f6-4a25-8382-bf51c9911953,1.06,192.8,4.99,1.467,-0.411,
MRNR,2024-04-10T22:31:18,smi:local/62624a81-4e35-48c2-b8a6-28889a55dc2c,4.06,94.0,9209.44,4.251,-0.195,
MRNR,2024-04-14T18:48:52,smi:local/be194d76-5a6e-4d8c-82ac-57e2b79eab9b,2.00,50.3,2.86,0.392,1.608,yes
MRNR,2024-04-19T11:07:54,smi:local/e53875cd-3a54-4fb1-972f-63e2a5380623,3.17,166.6,79.04,2.558,0.608,
MRNR,2024-04-23T14:02:45,smi:local/44a5ddc7-b496-452b-94c4-f9d004279d9c,1.06,58.6,15.08,1.197,-0.141,
MRNR,2024-04-26T09:54:58,smi:local/6e3151be-ee44-41c9-b761-e4d2e3436182,2.39,237.6,9.20,1.899,0.490,
MRNR,2024-04-26T10:34:51,smi:local/115e0ef1-a456-4893-8676-08022adf1175,2.89,39.2,1786.61,3.059,-0.171,
MRNR,2024-04-27T06:57:35,smi:local/cc96de76-6753-4ee5-991b-3dbc2ef93497,1.11,36.6,73.22,1.637,-0.526,
MRNR,2024-04-28T01:12:11,smi:local/b1cb3b34-ec11-4b79-a842-824e4bc15e9e,1.06,129.4,6.90,1.325,-0.270,
NCK,2024-04-04T19:54:05,smi:local/7cb8e5e2-f84c-4b2a-8416-44794191bb13,2.50,94.4,36.17,1.847,0.653,
NCK,2024-04-19T11:07:54,smi:local/e53875cd-3a54-4fb1-972f-63e2a5380623,3.17,171.2,274.88,3.119,0.047,
NCK,2024-04-27T07:07:34,smi:local/c6e47510-d795-44bd-8708-554186b2ce0d,2.72,104.2,368.23,2.915,-0.193,
PYA1,2024-04-06T00:29:34,smi:local/7b35bb03-53e8-46c0-b4f0-524af57a93f6,1.50,70.2,17.78,1.368,0.132,
PYA1,2024-04-10T22:31:18,smi:local/62624a81-4e35-48c2-b8a6-28889a55dc2c,4.06,253.6,229.17,3.351,0.704,yes
PYA1,2024-04-14T18:48:52,smi:local/be194d76-5a6e-4d8c-82ac-57e2b79eab9b,2.00,253.3,8.92,1.940,0.060,
PYA1,2024-04-19T11:07:54,smi:local/e53875cd-3a54-4fb1-972f-63e2a5380623,3.17,140.0,413.03,3.155,0.011,
PYA1,2024-04-26T09:54:58,smi:local/6e3151be-ee44-41c9-b761-e4d2e3436182,2.39,55.6,152.92,2.174,0.215,
PYA1,2024-04-26T10:34:51,smi:local/115e0ef1-a456-4893-8676-08022adf1175,2.89,326.2,11.33,2.277,0.612,yes
PYA1,2024-04-27T07:07:34,smi:local/c6e47510-d795-44bd-8708-554186b2ce0d,2.72,54.7,202.00,2.286,0.436,
PYA1,2024-04-27T07:44:08,smi:local/24562e72-97ac-4202-8b0e-3d11011fea43,1.50,55.5,20.07,1.291,0.209,
PYA1,2024-04-27T11:44:04,smi:local/23a1f433-f834-45e0-8884-3cc827506413,1.22,55.8,13.97,1.136,0.086,
PYA1,2024-04-28T02:53:09,smi:local/f125a0d6-2ea1-45c0-ac05-38ffec707d8f,1.06,145.8,5.03,1.268,-0.213,
PYA1,2024-04-29T11:00:17,smi:local/89037865-7dd0-40ef-a801-657d78687e21,2.17,84.2,58.55,1.989,0.178,
PYA1,2024-04-30T05:16:17,smi:local/575d8aa8-ae24-4203-a965-4053299c0328,1.72,54.9,32.49,1.495,0.227,
RPOR,2024-04-05T11:30:21,smi:local/09994183-6d0d-4e68-8f90-f1b37f5ae364,1.56,37.1,61.66,1.569,-0.013,
RPOR,2024-04-05T20:29:02,smi:local/1bd24257-7bfa-4533-a0ce-70b1501515bc,1.72,174.6,7.52,1.571,0.151,
RPOR,2024-04-07T03:30:58,smi:local/8c9b1659-81c9-4108-9c97-dd76c700fe00,1.44,137.6,8.81,1.473,-0.028,
RPOR,2024-04-10T22:31:18,smi:local/62624a81-4e35-48c2-b8a6-28889a55dc2c,4.06,110.6,4119.84,4.001,0.055,
RPOR,2024-04-14T18:48:52,smi:local/be194d76-5a6e-4d8c-82ac-57e2b79eab9b,2.00,66.7,3.55,0.639,1.361,
RPOR,2024-04-19T11:07:54,smi:local/e53875cd-3a54-4fb1-972f-63e2a5380623,3.17,100.5,86.64,2.265,0.902,
RPOR,2024-04-26T09:18:28,smi:local/5a8558cb-e99b-4045-b460-dd4af58a8a80,2.22,104.8,15.08,1.531,0.691,
RPOR,2024-04-26T09:54:58,smi:local/6e3151be-ee44-41c9-b761-e4d2e3436182,2.39,176.8,13.65,1.839,0.550,
RPOR,2024-04-26T10:06:17,smi:local/90eaa2f0-8922-497a-a25a-f1162b36e097,2.06,150.9,31.35,2.087,-0.031,
RPOR,2024-04-26T10:34:51,smi:local/115e0ef1-a456-4893-8676-08022adf1175,2.89,107.2,106.27,2.393,0.496,
RPOR,2024-04-27T06:57:35,smi:local/cc96de76-6753-4ee5-991b-3dbc2ef93497,1.11,103.3,4.16,0.962,0.149,
RPOR,2024-04-27T11:44:04,smi:local/23a1f433-f834-45e0-8884-3cc827506413,1.22,176.8,10.74,1.735,-0.513,
RPOR,2024-04-28T01:12:11,smi:local/b1cb3b34-ec11-4b79-a842-824e4bc15e9e,1.06,61.8,12.85,1.156,-0.100,
RPOR,2024-04-28T02:53:09,smi:local/f125a0d6-2ea1-45c0-ac05-38ffec707d8f,1.06,109.5,6.32,1.180,-0.125,
SGKR,2024-04-04T19:54:05,smi:local/7cb8e5e2-f84c-4b2a-8416-44794191bb13,2.50,435.2,8.95,2.482,0.018,
SGKR,2024-04-05T20:29:02,smi:local/1bd24257-7bfa-4533-a0ce-70b1501515bc,1.72,484.3,2.88,2.118,-0.396,
SHA1,2024-04-04T19:54:05,smi:local/7cb8e5e2-f84c-4b2a-8416-44794191bb13,2.50,42.0,357.87,2.396,0.104,yes
SHA1,2024-04-06T00:29:34,smi:local/7b35bb03-53e8-46c0-b4f0-524af57a93f6,1.50,74.2,35.74,1.702,-0.202,
SHA1,2024-04-10T05:55:17,smi:local/a225f819-a3f6-4a25-8382-bf51c9911953,1.06,119.9,3.11,0.930,0.125,yes
SHA1,2024-04-10T22:31:18,smi:local/62624a81-4e35-48c2-b8a6-28889a55dc2c,4.06,234.3,4207.96,4.548,-0.492,
SHA1,2024-04-14T18:48:52,smi:local/be194d76-5a6e-4d8c-82ac-57e2b79eab9b,2.00,225.3,28.09,2.340,-0.340,
SHA1,2024-04-19T11:07:54,smi:local/e53875cd-3a54-4fb1-972f-63e2a5380623,3.17,96.9,1362.84,3.439,-0.273,
SHA1,2024-04-19T12:35:51,smi:local/9790f3ce-a5d7-4cb6-865e-1a716486a000,1.06,53.0,28.61,1.420,-0.365,
SHA1,2024-04-27T07:44:08,smi:local/24562e72-97ac-4202-8b0e-3d11011fea43,1.50,30.0,226.26,2.028,-0.528,
SHA1,2024-04-28T01:12:11,smi:local/b1cb3b34-ec11-4b79-a842-824e4bc15e9e,1.06,142.0,5.16,1.262,-0.206,
SHA1,2024-04-28T02:53:09,smi:local/f125a0d6-2ea1-45c0-ac05-38ffec707d8f,1.06,125.3,9.62,1.449,-0.394,
SOC,2024-04-01T11:55:59,smi:local/5dfab802-4101-43ca-9c6f-b0583bf29181,1.89,255.7,25.79,2.409,-0.520,
SOC,2024-04-10T22:31:18,smi:local/62624a81-4e35-48c2-b8a6-28889a55dc2c,4.06,124.9,4177.80,4.085,-0.029,
SOC,2024-04-14T18:48:52,smi:local/be194d76-5a6e-4d8c-82ac-57e2b79eab9b,2.00,76.7,17.63,1.414,0.586,
SOC,2024-04-19T11:07:54,smi:local/e53875cd-3a54-4fb1-972f-63e2a5380623,3.17,140.1,134.16,2.668,0.499,
SOC,2024-04-28T02:53:09,smi:local/f125a0d6-2ea1-45c0-ac05-38ffec707d8f,1.06,150.0,10.06,1.589,-0.534,
SRGR,2024-04-10T22:31:18,smi:local/62624a81-4e35-48c2-b8a6-28889a55dc2c,4.06,110.0,2202.34,3.725,0.330,
SRGR,2024-04-14T18:48:52,smi:local/be194d76-5a6e-4d8c-82ac-57e2b79eab9b,2.00,143.8,15.40,1.745,0.255,
SRGR,2024-04-19T11:07:54,smi:local/e53875cd-3a54-4fb1-972f-63e2a5380623,3.17,274.1,86.76,2.997,0.169,
SRGR,2024-04-26T09:18:28,smi:local/5a8558cb-e99b-4045-b460-dd4af58a8a80,2.22,152.4,139.13,2.741,-0.519,
SRGR,2024-04-26T10:06:17,smi:local/90eaa2f0-8922-497a-a25a-f1162b36e097,2.06,276.7,41.60,2.687,-0.631,
STDR,2024-04-04T19:54:05,smi:local/7cb8e5e2-f84c-4b2a-8416-44794191bb13,2.50,131.8,10.89,1.536,0.964,yes
STDR,2024-04-05T20:29:02,smi:local/1bd24257-7bfa-4533-a0ce-70b1501515bc,1.72,181.6,13.33,1.848,-0.126,
STDR,2024-04-06T00:29:34,smi:local/7b35bb03-53e8-46c0-b4f0-524af57a93f6,1.50,177.7,16.30,1.919,-0.419,
STDR,2024-04-07T03:30:58,smi:local/8c9b1659-81c9-4108-9c97-dd76c700fe00,1.44,408.5,2.85,1.913,-0.468,
STDR,2024-04-10T22:31:18,smi:local/62624a81-4e35-48c2-b8a6-28889a55dc2c,4.06,353.8,22.73,2.661,1.395,yes
STDR,2024-04-14T18:48:52,smi:local/be194d76-5a6e-4d8c-82ac-57e2b79eab9b,2.00,345.6,3.98,1.880,0.120,
STDR,2024-04-19T11:07:54,smi:local/e53875cd-3a54-4fb1-972f-63e2a5380623,3.17,210.1,39.68,2.434,0.733,yes
STDR,2024-04-19T12:35:51,smi:local/9790f3ce-a5d7-4cb6-865e-1a716486a000,1.06,166.8,8.35,1.583,-0.528,
STDR,2024-04-26T09:54:58,smi:local/6e3151be-ee44-41c9-b761-e4d2e3436182,2.39,144.9,97.09,2.550,-0.161,
STDR,2024-04-27T07:07:34,smi:local/c6e47510-d795-44bd-8708-554186b2ce0d,2.72,144.3,139.42,2.704,0.018,
STDR,2024-04-27T11:44:04,smi:local/23a1f433-f834-45e0-8884-3cc827506413,1.22,144.7,5.53,1.304,-0.082,
STDR,2024-04-29T11:00:17,smi:local/89037865-7dd0-40ef-a801-657d78687e21,2.17,180.3,26.44,2.141,0.026,
STDR,2024-04-29T20:47:30,smi:local/e5e2efe6-3edd-43b3-a493-9f0447e16e52,2.06,409.1,4.39,2.102,-0.047,
STDR,2024-04-30T05:16:17,smi:local/575d8aa8-ae24-4203-a965-4053299c0328,1.72,143.5,12.99,1.670,0.053,
SUKR,2024-04-01T11:55:59,smi:local/5dfab802-4101-43ca-9c6f-b0583bf29181,1.89,45.0,83.42,1.799,0.090,
SUKR,2024-04-10T22:31:18,smi:local/62624a81-4e35-48c2-b8a6-28889a55dc2c,4.06,206.9,419.96,3.446,0.609,yes
SUKR,2024-04-26T09:18:28,smi:local/5a8558cb-e99b-4045-b460-dd4af58a8a80,2.22,154.6,32.96,2.126,0.097,
SUKR,2024-04-26T10:34:51,smi:local/115e0ef1-a456-4893-8676-08022adf1175,2.89,152.1,171.27,2.830,0.059,
SUKR,2024-04-27T07:07:34,smi:local/c6e47510-d795-44bd-8708-554186b2ce0d,2.72,410.3,7.18,2.319,0.403,
SUKR,2024-04-29T01:16:01,smi:local/f16b4f64-ae65-408c-9670-b95b4f445133,1.72,154.8,9.98,1.607,0.115,
SUKR,2024-04-30T05:16:17,smi:local/575d8aa8-ae24-4203-a965-4053299c0328,1.72,411.0,8.22,2.380,-0.658,yes
TLTR,2024-04-26T10:06:17,smi:local/90eaa2f0-8922-497a-a25a-f1162b36e097,2.06,408.5,3.35,1.983,0.073,
TLTR,2024-04-27T07:07:34,smi:local/c6e47510-d795-44bd-8708-554186b2ce0d,2.72,376.8,3.56,1.921,0.801,
TLTR,2024-04-27T07:44:08,smi:local/24562e72-97ac-4202-8b0e-3d11011fea43,1.50,376.9,2.85,1.825,-0.325,
TLTR,2024-04-29T11:00:17,smi:local/89037865-7dd0-40ef-a801-657d78687e21,2.17,412.9,2.74,1.907,0.259,
TLTR,2024-04-30T05:16:17,smi:local/575d8aa8-ae24-4203-a965-4053299c0328,1.72,375.9,3.75,1.941,-0.219,
UNCR,2024-04-14T18:48:52,smi:local/be194d76-5a6e-4d8c-82ac-57e2b79eab9b,2.00,579.0,3.89,2.484,-0.484,
UNCR,2024-04-26T10:06:17,smi:local/90eaa2f0-8922-497a-a25a-f1162b36e097,2.06,408.3,6.71,2.285,-0.229,
URKR,2024-04-19T11:07:54,smi:local/e53875cd-3a54-4fb1-972f-63e2a5380623,3.17,525.5,4.87,2.450,0.717,
VLKR,2024-04-07T03:30:58,smi:local/8c9b1659-81c9-4108-9c97-dd76c700fe00,1.44,455.5,3.21,2.091,-0.646,
VSLR,2024-04-01T11:55:59,smi:local/5dfab802-4101-43ca-9c6f-b0583bf29181,1.89,280.4,10.74,2.111,-0.222,
VSLR,2024-04-05T11:30:21,smi:local/09994183-6d0d-4e68-8f90-f1b37f5ae364,1.56,38.4,169.77,2.026,-0.471,
VSLR,2024-04-07T03:30:58,smi:local/8c9b1659-81c9-4108-9c97-dd76c700fe00,1.44,105.6,0.00,-6.957,8.402,yes
VSLR,2024-04-10T22:31:18,smi:local/62624a81-4e35-48c2-b8a6-28889a55dc2c,4.06,135.1,1318.65,3.636,0.420,
VSLR,2024-04-23T14:02:45,smi:local/44a5ddc7-b496-452b-94c4-f9d004279d9c,1.06,47.4,17.29,1.143,-0.087,
VSLR,2024-04-26T09:18:28,smi:local/5a8558cb-e99b-4045-b460-dd4af58a8a80,2.22,102.9,132.00,2.462,-0.240,
VSLR,2024-04-26T10:34:51,smi:local/115e0ef1-a456-4893-8676-08022adf1175,2.89,103.9,479.94,3.028,-0.139,
VSLR,2024-04-29T01:16:01,smi:local/f16b4f64-ae65-408c-9670-b95b4f445133,1.72,102.3,41.65,1.957,-0.235,
ZEI,2024-04-04T19:54:05,smi:local/7cb8e5e2-f84c-4b2a-8416-44794191bb13,2.50,171.8,92.96,2.651,-0.151,
ZEI,2024-04-26T09:54:58,smi:local/6e3151be-ee44-41c9-b761-e4d2e3436182,2.39,173.4,66.40,2.512,-0.123,
ZEI,2024-04-27T07:07:34,smi:local/c6e47510-d795-44bd-8708-554186b2ce0d,2.72,172.8,105.29,2.709,0.013,
